<?xml version='1.0' encoding='UTF-8'?>
<helpConfiguration version="2.0"
                   xmlns="http://xmlns.oracle.com/help/web/config">
  <!-- Page branding based on ResourceBundle -->
  <brandings>
    <branding text="Oracle Communications Unified Inventory Management Help"/>
  </brandings>
  <!-- Different locale setups. -->
  <locales>
    <!-- English: -->
    <locale language="en">
      <books>
        <helpSet id="uimoh_help" jar="/helpsets/uimoh_help.jar" location="uimoh.hs"/>        
      </books>
    </locale>
  </locales>
  <!-- Navigator aliases - to allow for legacy navigator names. -->
  <navigatorAliases></navigatorAliases>
  <parameters>
    <combineBooks>false</combineBooks>
    <useLabelInfo>true</useLabelInfo>
    <!-- 
      Number of locales that are kept in memory all the time. 
      Please see the OHW documentation for more information on
      this parameter.
      <cacheSize>3</cacheSize>
    -->
  </parameters>
</helpConfiguration>
