<?xml version="1.0" encoding="windows-1252" ?>
<adfc-config xmlns="http://xmlns.oracle.com/adf/controller" version="1.2">
  <managed-bean id="__1">
    <managed-bean-name id="__2">FilterBean</managed-bean-name>
    <managed-bean-class id="__4">view.FilterBean</managed-bean-class>
    <managed-bean-scope id="__3">pageFlow</managed-bean-scope>
  </managed-bean>
  <managed-bean id="__7">
    <managed-bean-name id="__6">TDMEditBean</managed-bean-name>
    <managed-bean-class id="__5">view.TDMEditBean</managed-bean-class>
    <managed-bean-scope id="__8">pageFlow</managed-bean-scope>
  </managed-bean>
</adfc-config>
