<?xml version="1.0" encoding="windows-1252" ?>
<adfc-config xmlns="http://xmlns.oracle.com/adf/controller" version="1.2">
  <managed-bean id="__2">
    <managed-bean-name id="__3">HomeBean</managed-bean-name>
    <managed-bean-class id="__4">view.HomeBean</managed-bean-class>
    <managed-bean-scope id="__1">pageFlow</managed-bean-scope>
  </managed-bean>
  <managed-bean id="__6">
    <managed-bean-name id="__8">TestBean</managed-bean-name>
    <managed-bean-class id="__7">view.TestBean</managed-bean-class>
    <managed-bean-scope id="__5">pageFlow</managed-bean-scope>
  </managed-bean>
</adfc-config>
