<?xml version="1.0" encoding="windows-1252" ?>
<adfc-config xmlns="http://xmlns.oracle.com/adf/controller" version="1.2">
  <task-flow-definition id="GroomFlow">
    <default-activity id="__1">GroomView</default-activity>
    <managed-bean id="__4">
      <managed-bean-name id="__3">GroomBean</managed-bean-name>
      <managed-bean-class id="__2">view.GroomBean</managed-bean-class>
      <managed-bean-scope id="__5">pageFlow</managed-bean-scope>
    </managed-bean>
    <initializer id="__16">#{pageFlowScope.GroomBean.init}</initializer>
    <view id="GroomView">
      <page>/GroomView.jsff</page>
    </view>
    <method-call id="init">
      <method>#{pageFlowScope.GroomBean.init}</method>
      <outcome>
        <to-string/>
      </outcome>
    </method-call>
    <control-flow-rule id="__6">
      <from-activity-id id="__7">GroomView</from-activity-id>
      <control-flow-case id="__9">
        <from-outcome id="__10">init</from-outcome>
        <to-activity-id id="__8">init</to-activity-id>
      </control-flow-case>
    </control-flow-rule>
    <control-flow-rule id="__11">
      <from-activity-id id="__12">init</from-activity-id>
      <control-flow-case id="__13">
        <from-outcome id="__15">success</from-outcome>
        <to-activity-id id="__14">GroomView</to-activity-id>
      </control-flow-case>
    </control-flow-rule>
    <use-page-fragments/>
  </task-flow-definition>
</adfc-config>
