<?xml version="1.0" encoding="UTF-8" ?>
<adfc-config xmlns="http://xmlns.oracle.com/adf/controller" version="1.2">
  <task-flow-definition id="MasterFlow">
    <default-activity id="__2">init</default-activity>
    <data-control-scope id="__1">
      <isolated/>
    </data-control-scope>
    <managed-bean id="__3">
      <managed-bean-name id="__6">MasterBean</managed-bean-name>
      <managed-bean-class id="__4">view.MasterBean</managed-bean-class>
      <managed-bean-scope id="__5">pageFlow</managed-bean-scope>
    </managed-bean>
    <method-call id="init">
      <method>#{pageFlowScope.MasterBean.init}</method>
      <outcome id="__17">
        <fixed-outcome>success</fixed-outcome>
      </outcome>
    </method-call>
    <task-flow-call id="RehomeFlow">
      <task-flow-reference>
        <document>/WEB-INF/RehomeFlow.xml</document>
        <id>RehomeFlow</id>
      </task-flow-reference>
    </task-flow-call>
    <control-flow-rule id="__8">
      <from-activity-id id="__9">init</from-activity-id>
      <control-flow-case id="__14">
        <from-outcome id="__15">success</from-outcome>
        <to-activity-id id="__13">RehomeFlow</to-activity-id>
      </control-flow-case>
    </control-flow-rule>
    <use-page-fragments/>
    <visibility id="__16">
      <url-invoke-allowed/>
    </visibility>
  </task-flow-definition>
</adfc-config>
