<?xml version="1.0" encoding="windows-1252" ?>
<adfc-config xmlns="http://xmlns.oracle.com/adf/controller" version="1.2">
  <task-flow-definition id="RehomeFlow">
    <default-activity id="__1">init</default-activity>
    <data-control-scope id="__18">
      <isolated/>
    </data-control-scope>
    <managed-bean id="__2">
      <managed-bean-name id="__3">RehomeBean</managed-bean-name>
      <managed-bean-class id="__5">view.RehomeBean</managed-bean-class>
      <managed-bean-scope id="__4">pageFlow</managed-bean-scope>
    </managed-bean>
    <initializer id="__16">#{pageFlowScope.RehomeBean.init}</initializer>
    <view id="RehomeView">
      <page>/RehomeView.jsff</page>
    </view>
    <method-call id="init">
      <method>#{pageFlowScope.RehomeBean.init}</method>
      <outcome>
        <to-string/>
      </outcome>
    </method-call>
    <control-flow-rule id="__6">
      <from-activity-id id="__7">RehomeView</from-activity-id>
      <control-flow-case id="__9">
        <from-outcome id="__10">init</from-outcome>
        <to-activity-id id="__8">init</to-activity-id>
      </control-flow-case>
    </control-flow-rule>
    <control-flow-rule id="__11">
      <from-activity-id id="__12">init</from-activity-id>
      <control-flow-case id="__13">
        <from-outcome id="__15">success</from-outcome>
        <to-activity-id id="__14">RehomeView</to-activity-id>
      </control-flow-case>
    </control-flow-rule>
    <visibility id="__17"/>
  </task-flow-definition>
</adfc-config>
