<?xml version = '1.0' encoding = 'UTF-8'?>
<task-flow-registry xmlns="http://xmlns.oracle.com/adf/controller/rc">
   <task-flow-descriptor path="WEB-INF/task-flow-template.xml" id="task-flow-template" type="task-flow-template" uses-page-fragments="true" library-internal="false" remote-invocable="false" train="false" critical="false" page-type="unspecified">
      <input-parameter name="sharedTaskflowContext"/>
   </task-flow-descriptor>
   <task-flow-descriptor path="WEB-INF/EndPointFlow.xml" id="EndPointFlow" type="task-flow-definition" uses-page-fragments="true" library-internal="false" remote-invocable="false" train="false" critical="false" page-type="jsp">
      <input-parameter name="bean"/>
      <input-parameter name="endPoint"/>
   </task-flow-descriptor>
   <task-flow-descriptor path="META-INF/adfc-config.xml" id="" type="" uses-page-fragments="false" library-internal="false" remote-invocable="false" train="false" critical="false" page-type="unspecified"/>
</task-flow-registry>