<?xml version="1.0" encoding="windows-1250" ?>
<adfc-config xmlns="http://xmlns.oracle.com/adf/controller" version="1.2">
  <task-flow-definition id="EndPointFlow">
    <template-reference>
      <document></document>
      <id>task-flow-template</id>
    </template-reference>
    <default-activity>EndPointView</default-activity>
    <data-control-scope>
      <shared/>
    </data-control-scope>
    <input-parameter-definition id="__4">
      <name>bean</name>
      <value>#{pageFlowScope.bean}</value>
      <class>view.TabBean</class>
    </input-parameter-definition>
    <input-parameter-definition id="__5">
      <name>endPoint</name>
      <value>#{pageFlowScope.EndPointViewBean.endPoint}</value>
      <class>entity.EndPoint</class>
    </input-parameter-definition>
    <managed-bean id="__1">
      <managed-bean-name>EndPointViewBean</managed-bean-name>
      <managed-bean-class>view.EndPointViewBean</managed-bean-class>
      <managed-bean-scope>pageFlow</managed-bean-scope>
    </managed-bean>
    <initializer>#{pageFlowScope.EndPointViewBean.init}</initializer>
    <finalizer>#{pageFlowScope.EndPointViewBean.finalizeTF}</finalizer>
    <view id="EndPointView">
      <page>/EndPointView.jsff</page>
    </view>
    <use-page-fragments/>
  </task-flow-definition>
</adfc-config>
