<?xml version="1.0" encoding="windows-1250" ?>
<adfc-config xmlns="http://xmlns.oracle.com/adf/controller" version="1.2">
  <task-flow-template id="task-flow-template">
    <data-control-scope>
      <isolated/>
    </data-control-scope>
    <input-parameter-definition id="__13">
      <name>sharedTaskflowContext</name>
      <value>#{pageFlowScope.sharedTaskFlowContext.currentInstance}</value>
      <class>view.SharedContextImpl</class>
    </input-parameter-definition>
    <managed-bean id="__12">
      <managed-bean-name>sharedTaskFlowContext</managed-bean-name>
      <managed-bean-class>view.SharedContext</managed-bean-class>
      <managed-bean-scope>pageFlow</managed-bean-scope>
    </managed-bean>
    <use-page-fragments/>
  </task-flow-template>
</adfc-config>
